"0","#| echo: true"
"0","# Install & load igraph"
"0","if (!require(igraph)) {"
"0","  install.packages(""igraph"")"
"0","  library(igraph)"
"0","} else {"
"0","  library(igraph)"
"0","}"
"0",""
"0","# Load data"
"0","nodes <- read.csv(""canadian_airports.csv"", header=TRUE)"
"0","edges <- read.csv(""flightnetwork.csv"", header=TRUE)"
"0",""
"0","# Fix column names"
"0","colnames(edges) <- c(""from"", ""to"")"
"0",""
"0","# Ensure nodes has a 'name' column"
"0","if (!""name"" %in% colnames(nodes)) {"
"0","  if (""code"" %in% colnames(nodes)) {"
"0","    nodes$name <- nodes$code"
"0","  } else {"
"0","    nodes$name <- nodes[,1]"
"0","  }"
"0","}"
"0",""
"0","# Create complete node list"
"0","all_airport_codes <- unique(c(edges$from, edges$to))"
"0","complete_nodes <- data.frame(name = all_airport_codes)"
"0",""
"0","# Merge with original nodes"
"0","if (""city"" %in% colnames(nodes)) {"
"0","  complete_nodes <- merge(complete_nodes, nodes, by = ""name"", all.x = TRUE)"
"0","}"
"0",""
"0","# Build graph"
"0","airports <- graph_from_data_frame(d = edges, vertices = complete_nodes, directed = FALSE)"
"0",""
"0","# Calculate nodes and edges"
"0","num_nodes <- vcount(airports)"
"0","num_edges <- ecount(airports)"
"0",""
"0","cat(""Number of nodes:"", num_nodes, ""\n"")"
"1","Number of nodes:"
"1"," "
"1","119"
"1"," "
"1","
"
"0","cat(""Number of edges:"", num_edges, ""\n"")"
"1","Number of edges:"
"1"," "
"1","328"
"1"," "
"1","
"
