"0",""
"0","# Display degree sequence summary"
"0","cat(""Degree sequence summary:\n"")"
"1","Degree sequence summary:
"
"0","cat(""Min:"", min(deg), ""Max:"", max(deg), ""Mean:"", round(mean(deg), 2), ""\n"")"
"1","Min:"
"1"," "
"1","1"
"1"," "
"1","Max:"
"1"," "
"1","57"
"1"," "
"1","Mean:"
"1"," "
"1","5.51"
"1"," "
"1","
"
"0","cat(""Degree sequence (first 10 values):"", head(sort(deg, decreasing = TRUE), 10), ""\n"")"
"1","Degree sequence (first 10 values):"
"1"," "
"1","57"
"1"," "
"1","55"
"1"," "
"1","50"
"1"," "
"1","44"
"1"," "
"1","36"
"1"," "
"1","33"
"1"," "
"1","26"
"1"," "
"1","25"
"1"," "
"1","19"
"1"," "
"1","17"
"1"," "
"1","
"
