"0","#| echo: true"
"0","#| fig-width: 10"
"0","#| fig-height: 8"
"0","set.seed(123) # For reproducible layout"
"0",""
"0","plot(airports,"
"0","     vertex.label = V(airports)$name,"
"0","     vertex.size = 8,"
"0","     vertex.color = ""lightblue"","
"0","     vertex.frame.color = ""darkblue"","
"0","     vertex.label.color = ""black"","
"0","     vertex.label.cex = 0.7,"
"0","     edge.color = ""gray"","
"0","     edge.width = 1.5,"
"0","     layout = layout_with_fr,"
"0","     main = ""Canadian Airport Network"")"
