{"chunk_definitions":[{"row":66,"row_count":1,"visible":true,"expansion_state":0,"options":{"engine":"r","label":"unnamed-chunk-5","echo":true,"dev":"png"},"document_id":"8BBB2603","chunk_id":"c9zqxfjag4j66","chunk_label":"unnamed-chunk-1"},{"row":87,"row_count":1,"visible":true,"expansion_state":0,"options":{"engine":"r","label":"unnamed-chunk-11","echo":true,"fig.width":10,"fig.height":8,"dev":"png"},"document_id":"8BBB2603","chunk_id":"c87b71qgvyipo","chunk_label":"unnamed-chunk-2"},{"row":120,"row_count":1,"visible":true,"expansion_state":0,"options":{"engine":"r","label":"unnamed-chunk-12","echo":true,"dev":"png"},"document_id":"8BBB2603","chunk_id":"c1de7gzr7fz55","chunk_label":"unnamed-chunk-3"},{"row":140,"row_count":1,"visible":true,"expansion_state":0,"options":{"engine":"r","label":"unnamed-chunk-13","fig.width":8,"fig.height":6,"dev":"png"},"document_id":"8BBB2603","chunk_id":"cqu22ftuhkv59","chunk_label":"unnamed-chunk-4"},{"row":175,"row_count":1,"visible":true,"expansion_state":0,"options":{"engine":"r","label":"unnamed-chunk-14","dev":"png"},"document_id":"8BBB2603","chunk_id":"cuat6rn5p00b5","chunk_label":"unnamed-chunk-5"}],"doc_write_time":1758855221}