"0","# Create adjacency matrix"
"0","A <- as.matrix(as_adjacency_matrix(airports))"
"0","is_symmetric <- isSymmetric(A)"
"0",""
"0","cat(""Adjacency matrix dimensions:"", dim(A), ""\n"")"
"1","Adjacency matrix dimensions:"
"1"," "
"1","119"
"1"," "
"1","119"
"1"," "
"1","
"
"0","cat(""Is the adjacency matrix symmetric?"", is_symmetric, ""\n\n"")"
"1","Is the adjacency matrix symmetric?"
"1"," "
"1","TRUE"
"1"," "
"1","

"
"0","# Show a small subset"
"0","if (nrow(A) >= 5) {"
"0","  cat(""First 5x5 subset of adjacency matrix:\n"")"
"0","  print(A[1:5, 1:5])"
"0","} else {"
"0","  cat(""Full adjacency matrix:\n"")"
"0","  print(A)"
"0","}"
"1","First 5x5 subset of adjacency matrix:
"
"1","    "
"1"," CAB4"
"1"," CAC8"
"1"," CAD4"
"1"," CBBC"
"1"," CCR3"
"1","
CAB4"
"1","    0"
"1","    0"
"1","    0"
"1","    0"
"1","    0"
"1","
CAC8"
"1","    0"
"1","    0"
"1","    0"
"1","    0"
"1","    0"
"1","
CAD4"
"1","    0"
"1","    0"
"1","    0"
"1","    0"
"1","    0"
"1","
CBBC"
"1","    0"
"1","    0"
"1","    0"
"1","    0"
"1","    0"
"1","
CCR3"
"1","    0"
"1","    0"
"1","    0"
"1","    0"
"1","    0"
"1","
"
"0","cat(""Network density:"", round(graph.density(airports), 4), ""\n"")"
"1","Network density:"
"1"," "
"1","0.0467"
"1"," "
"1","
"
"0","cat(""Is the graph connected?"", is.connected(airports), ""\n"")"
"1","Is the graph connected?"
"1"," "
"1","TRUE"
"1"," "
"1","
"
"0","# Components analysis"
"0","comp <- components(airports)"
"0","cat(""Number of connected components:"", comp$no, ""\n"")"
"1","Number of connected components:"
"1"," "
"1","1"
"1"," "
"1","
"
"0","cat(""Size of largest component:"", max(comp$csize), ""\n"")"
"1","Size of largest component:"
"1"," "
"1","119"
"1"," "
"1","
"
"0","# Diameter analysis"
"0","if (is.connected(airports)) {"
"0","  cat(""Network diameter:"", diameter(airports), ""\n"")"
"0","} else {"
"0","  giant_component <- induced_subgraph(airports, which(comp$membership == which.max(comp$csize)))"
"0","  cat(""Diameter of largest component:"", diameter(giant_component), ""\n"")"
"0","}"
"1","Network diameter:"
"1"," "
"1","5"
"1"," "
"1","
"
