"0","#| echo: true"
"0","# Calculate degree statistics"
"0","deg <- degree(airports)"
"0","mean_degree <- mean(deg)"
"0",""
"0","cat(""Mean degree:"", round(mean_degree, 2), ""\n\n"")"
"1","Mean degree:"
"1"," "
"1","5.51"
"1"," "
"1","

"
"0","# Most connected airports"
"0","sorted_deg <- sort(deg, decreasing = TRUE)"
"0","most_connected <- head(sorted_deg, 2)"
"0",""
"0","# Least connected airports"
"0","non_zero_deg <- deg[deg > 0]"
"0","if (length(non_zero_deg) > 0) {"
"0","  least_connected <- head(sort(non_zero_deg), 2)"
"0","} else {"
"0","  least_connected <- head(sort(deg), 2)"
"0","}"
"0",""
"0","cat(""Two most connected airports:\n"")"
"1","Two most connected airports:
"
"0","for (i in 1:length(most_connected)) {"
"0","  cat(""  "", names(most_connected)[i], "": "", most_connected[i], ""connections\n"")"
"0","}"
"1","  "
"1"," "
"1","CYYC"
"1"," "
"1",": "
"1"," "
"1","57"
"1"," "
"1","connections
"
"1","  "
"1"," "
"1","CYVR"
"1"," "
"1",": "
"1"," "
"1","55"
"1"," "
"1","connections
"
"0","cat(""\nTwo least connected airports:\n"")"
"1","
Two least connected airports:
"
"0","for (i in 1:length(least_connected)) {"
"0","  cat(""  "", names(least_connected)[i], "": "", least_connected[i], ""connection(s)\n"")"
"0","}"
"1","  "
"1"," "
"1","CAB4"
"1"," "
"1",": "
"1"," "
"1","1"
"1"," "
"1","connection(s)
"
"1","  "
"1"," "
"1","CAC8"
"1"," "
"1",": "
"1"," "
"1","1"
"1"," "
"1","connection(s)
"
